Company,Contact Name,Email,Phone,Website,Location,Region
Cambridge Campervans Limited,,enquiries@cambridgecampervans.co.uk,01480 461463,https://www.cambridgecampervans.co.uk/,"Wyton on the Hill, near St Ives, Cambridgeshire",East of England
Carefree Campers,,info@carefreecampers.com,0333 987 5095,https://carefreecampers.com/,"Watford, Hertfordshire",East of England
Character Campers Ltd,,info@charactercampers.com,0330 1131617,https://www.charactercampers.com/,"Colne Engaine, Colchester, Essex",East of England
Chelmer Valley Campers,,chelmervalleycampers@gmail.com,07917 686463,https://www.chelmervalleycampers.co.uk/,"Chelmsford, Essex",East of England
Colt Sport Conversions,,coltsportconversions@live.co.uk,01799 550206,https://www.coltsportconversions.co.uk/,"Langley Upper Green, Saffron Walden, Essex",East of England
Denby Campervans,,info@denbycampervans.com,01538 382568,https://www.denbycampervans.com/,"Norwich, Norfolk",East of England
ECC Campervans,,info@ecccampervans.co.uk,07478 837181,https://www.ecccampervans.co.uk/,"Hullbridge, Hockley, Essex",East of England
Escape Campers,Jonathan Fieldhouse,sales@escape-campers.co.uk,01733 639206,https://www.escape-campers.co.uk/,"Peterborough, Cambridgeshire",East of England
Essex Leisure & Van Conversions Ltd,Nigel,nigel@f40motorhomes.com,07841 043605,https://www.facebook.com/Essexleisurevanconversions/,"Clacton-on-Sea, Essex",East of England
Incline Campers,,info@inclinecampers.co.uk,07787194804,https://inclinecampers.co.uk/,"Baston, Peterborough, Cambridgeshire",East of England
Kombiwerks,,kombiwerks@outlook.com,07859 077792,https://www.kombiwerks.co.uk/,"Horsley Cross, Manningtree, Essex",East of England
Larkin Custom Conversions,Brian,larkincustomconversions@gmail.com,07715 440484,https://www.larkincustomconversions.co.uk/,Essex,East of England
LeisureDrive Campervans,Derek Andrews,enquiries@leisuredrive.co.uk,01204 574478,https://leisuredrive.co.uk/,"Kearsley, Bolton",East of England
Middlesex Motorcaravans,,sales@middlesexmotorcaravans.co.uk,01525 591000,https://middlesexmotorcaravans.co.uk/,"Tebworth, Bedfordshire",East of England
Needingworth Campers,,needingworthcampers@hotmail.com,01480 464100,https://www.needingworthcampers.com/,"St Ives, Cambridgeshire",East of England
Norfolk Van2Camper Conversions,Kamila and Robert,info@norfolkvan2camper.co.uk,07851 732627,https://norfolkvan2camper.co.uk/,Norfolk,East of England
One Five Two Vehicle Conversions Ltd,,customerservices@152ltd.co.uk,01206 911383,https://www.152ltd.co.uk/,"Horsley Cross, Essex",East of England
QT VanWerks,,info.vanwerks@quattro-tech.co.uk,01480 773109,https://www.qt-vanwerks.co.uk/,"St Ives, Cambridgeshire",East of England
Unit 4 Campers,,sales@unit4campers.co.uk,07554 117974,https://www.unit4campers.co.uk/,"Leigh-on-Sea / Southend-on-Sea, Essex",East of England
Vanlife Conversions Ltd,,contact@vanlifeconversions.co.uk,07780 217359,https://www.vanlifeconversions.co.uk/,"Great Bromley, Colchester, Essex",East of England
VisionTech Automotive,,info@visiontechautomotive.co.uk,01206 820033,https://www.visiontechautomotive.co.uk/,"Elmstead Market, Colchester, Essex",East of England
Wild Van,,info@wildvan.com,07429 546587,https://www.wildvan.com/,"Norwich, Norfolk",East of England
Windy Ridge Campers,,info@windyridgecampers.co.uk,07832 621320,https://windyridgecampers.co.uk/,"Hertford, Hertfordshire",East of England
Bearwood Campers,,info@bearwoodcampers.co.uk,07741 577402,https://www.bearwoodcampers.co.uk,"Whetstone, Leicester, Leicestershire (East Midlands)",Midlands
Camper Revampers,Graham,revampcamper@gmail.com,01406 420 202,https://www.camperrevampers.co.uk,"Sutterton (Spalding area), Lincolnshire",Midlands
Coachworks Conversions,Luke Martin,luke@lukemartincoachworks.co.uk,07710 679015,https://www.coachworksconversions.co.uk,South Shropshire,Midlands
Coast 2 Coast Campers,,info@coast2coastcampers.co.uk,01676 523188,https://www.coast2coastcampers.co.uk,"Millisons Wood, Coventry, West Midlands",Midlands
Cooped Up Campers,Leigh,enquiries@coopedupcampers.com,07342 886544,https://www.coopedupcampers.com,Herefordshire,Midlands
Cosmic Campervans,,info@cosmiccampervans.com,01332 311590,https://cosmiccampervans.com,"Derby, Derbyshire (East Midlands)",Midlands
Elite Campers,,hello@elite-campers.com,01789 863401,http://elite-campers.com,West Midlands (Solihull area),Midlands
Factory Campers,,hello@factorycampers.co.uk,01773 485781,https://factorycampers.co.uk,Derbyshire (East Midlands),Midlands
Grizzly Custom Vans,James,hello@grizzlycustomvans.co.uk,07776 826268,https://www.grizzlycustomvans.co.uk,Warwickshire,Midlands
Journey Conversions,,info@journeyconversions.com,01789 337485,https://www.journeyconversions.com,"Stratford-upon-Avon, Warwickshire",Midlands
MLC Leisure,,info@mlcleisure.co.uk,07425 711351,https://mlcleisure.co.uk,"Southam, Warwickshire",Midlands
Mojo Vehicles,,mojo@mojovehicles.com,0330 390 3663,https://www.mojovehicles.com,"Church Broughton, South Derbyshire (East Midlands)",Midlands
Northpoint Campers,,info@northpointcampers.co.uk,07968 520254,https://www.northpointcampers.co.uk,"Stoke-on-Trent, Staffordshire",Midlands
Out and About Campers,,hello@outandaboutcampers.co.uk,01273 257860,https://outandaboutcampers.co.uk,West Midlands / East Midlands,Midlands
Redline Campers (Grantham Caravans),,sales@granthamcaravans.co.uk,,https://granthamcaravans.co.uk,"Grantham, Lincolnshire",Midlands
Rising Sun Campers,,info@risingsuncampers.co.uk,024 7662 1119,https://risingsuncampers.co.uk,"Bedworth / near Coventry & Nuneaton, Warwickshire",Midlands
Staffordshire Campers,Andrew Lloyd Roberts,staffordshirecampers@hotmail.com,01902 785758,https://staffordshirecampers.co.uk,"Wolverhampton, West Midlands",Midlands
Starlight Campers,,sales@starlightcampers.co.uk,01384 671520,https://www.starlightcampers.co.uk,"Dudley, West Midlands",Midlands
Street Vanz Campers,,streetvanzcampers@gmail.com,07970 621488,https://www.streetvanzcampers.co.uk,"Bolsover, Chesterfield, Derbyshire (East Midlands)",Midlands
Wild River Campers,,info@wildrivercampers.co.uk,07756 990392,https://www.wildrivercampers.co.uk,Derbyshire (East Midlands),Midlands
BUILT Campers,,info@builtcampers.co.uk,07700 161819,https://www.builtcampers.co.uk/,"Newcastle upon Tyne, Tyne & Wear",North East England
Custom Fit Campers,,info@customfitcampers.co.uk,0191 354 5072,https://customfitcampers.co.uk/,County Durham,North East England
Durham City Campers,,durhamcitycampers@gmail.com,07498 293008,https://www.durhamcitycampers.com/,"Durham, County Durham",North East England
Longsands Campers,,hello@longsandscampers.co.uk,07583 888957,http://www.longsandscampers.co.uk/,"Newcastle upon Tyne, Tyne & Wear",North East England
North 55 Campers,Joric,north55campers@gmail.com,07481 993301,https://www.north55campers.co.uk/,"Shiremoor, Newcastle upon Tyne, Tyne & Wear",North East England
Northern Conversions,Marrick,info@northernconversions.com,01670343573,https://northernconversions.com/,"Newbiggin-by-the-Sea, Northumberland",North East England
R.E.D Campers,,redcampers@gmail.com,07719 658832,https://www.redcampers.com/,"Wooler, Northumberland",North East England
Rogue One Campers,Glen,hello@rogueonecampers.co.uk,07584 168806,https://rogueonecampers.co.uk/,"North Shields, Tyne & Wear",North East England
Tyne and Wear Camper Conversions,,tyneandwearcampers@gmail.com,0191 4898440,https://tyneandwearcampers.co.uk/,"Jarrow, Tyne & Wear",North East England
VanLife Campervans,,info@vanlifecampervans.co.uk,,https://vanlifecampervans.co.uk/,"Gateshead, Tyne & Wear",North East England
VanPunkt Conversions,,info@vanpunkt.co.uk,01670 772281,https://www.vanpunkt.co.uk/,"Morpeth, Northumberland",North East England
Wild Oak Campers,,dream@wildoakcampers.co.uk,,https://www.wildoakcampers.co.uk/,"Byker, Newcastle upon Tyne, Tyne & Wear",North East England
Wolfpact,,hire@wolfpact.co.uk,,https://www.wolfpact.co.uk/,"Gateshead, Tyne & Wear",North East England
Automotive Developments,Lee,hello@automotivedevelopments.co.uk,0151 559 8144,https://automotivedevelopments.co.uk/,"Wirral, Cheshire",North West England
Bolton Vans Ltd,,sales@boltonvans.com,07537 165554,https://boltonvans.com/,"Turton, Bolton, Greater Manchester",North West England
Camper Kong,Jason,info@camperkong.co.uk,07921 803529,https://camperkong.co.uk/,"Radcliffe, Manchester, Greater Manchester",North West England
Camper Versions,,hello@camperversions.co.uk,01254 447404,https://camperversions.co.uk/,"Blackburn, Lancashire",North West England
HL Campers Ltd,,info@hlcampers.com,07525 800347,https://www.hlcampers.com/,"Bootle, Liverpool, Merseyside",North West England
Innercity Campers Ltd,,sales@innercitycamper.co.uk,07576 574799,https://www.innercitycamper.co.uk/,"Stockport, Greater Manchester",North West England
Kahuna Campers,Chris,info@kahunacampers.co.uk,07788 517215,https://www.kahunacampers.co.uk/,"Wigan, Greater Manchester",North West England
Liverpool Campervan Conversions,,enquiries.liverpoolcampervan@gmail.com,0151 480 1505,https://www.liverpoolcampervanconversions.co.uk/,"Prescot / Kirkby, Liverpool, Merseyside",North West England
Preston Van Conversions (Preston Body Glass),,pbg2005@live.co.uk,01257 277455,https://www.prestonvanconversions.com/,"Longton, Preston, Lancashire",North West England
RAW Camper Conversions,,info@rawcamperconversions.co.uk,07368 278494,https://www.rawcamperconversions.co.uk/,"Nelson, Lancashire",North West England
Redknot Campers,,hello@redknot.co.uk,01995 488477,https://redknot.co.uk/,"Garstang, Preston, Lancashire",North West England
VW Worx Ltd,,info@vwworx.co.uk,01270 580000,https://www.vwworx.co.uk/,"Nantwich, Cheshire",North West England
Wirral Custom Campers,,info@wirralcustomcampers.com,0151 353 0100,https://www.wirralcustomcampers.com/,"Heswall, Wirral, Merseyside/Cheshire",North West England
AV Camper Conversions,,info@avcamperconversions.co.uk,0791 034 6336,https://avcamperconversions.co.uk/,"Lenzie, Kirkintilloch (Glasgow)",Scotland
Born Wild Vans,,info@bornwildvans.co.uk,07792 359502,https://www.bornwildvans.co.uk/,Lennoxtown (near Glasgow),Scotland
Camper Conversions Glasgow,,info@motorhomesalescotland.co.uk,0141 773 1212,https://camperconversionsglasgow.com/,"Blairtummock, Glasgow",Scotland
Camper Solutions Scotland,Barry,barry@camperscotland.co.uk,07957 745191,https://camperscotland.co.uk/,Scotland,Scotland
Campervandom,,info@campervandom.co.uk,01772 846604,https://campervandom.co.uk/,"Dumfries, Dumfries & Galloway",Scotland
Demon Campers,,hello@demoncampers.com,0141 378 7557,https://demoncampers.com/,Glasgow,Scotland
Fife Campers,Will Gage,fifecampers@gmail.com,07708 410320,https://www.fifecampers.com/,Fife,Scotland
Highland Campervans,,info@highlandcampervans.com,01667 493976,https://www.highlandcampervans.com/,"Dalcross, Inverness",Scotland
Jerba Campervans,,info@jerba.co.uk,01620 890374,https://www.jerbacampervans.co.uk,"North Berwick, East Lothian",Scotland
Kamperzs,,info@kamperzs.com,01259 694014,https://kamperzs.com/,"Alva, Clackmannanshire (near Stirling)",Scotland
Lomond Campers,,info@lomondcampers.co.uk,01592 772651,https://lomondcampers.co.uk/,"Glenrothes, Fife",Scotland
North Coast Campers,,info@northcoastcampers.co.uk,0141 674 0716,https://northcoastcampers.co.uk/,"Maryhill, Glasgow",Scotland
Northview Customs,,info@northviewcustoms.co.uk,01355 206186,https://www.northviewcustoms.co.uk/,East Kilbride,Scotland
Roam Campervans,,info@roamcampervans.co.uk,,https://www.roamcampervans.co.uk/,Dundee,Scotland
Route 300 Campers,,mail@route300campers.co.uk,01294 444646,https://route300campers.co.uk/,"Irvine, North Ayrshire",Scotland
SJB Customs,,info@sjbcustoms.co.uk,0141 534 7575,https://sjbcustoms.co.uk/,Clydebank (Glasgow),Scotland
Strathearn Camper Co,Iain,info@strathearncamperco.co.uk,,https://www.strathearncamperco.co.uk/,"Crieff, Perthshire",Scotland
The Tartan Camper Co,Julie; Andrew,julie@thetartancamper.com,01563 852507,https://www.thetartancamper.com/,"Dundonald, Ayrshire",Scotland
VanGo Conversion,,info@vangoconversion.co.uk,07471 940840,https://vangoconversion.co.uk/,"Leith, Edinburgh",Scotland
VanHux,Jon,jon@vanhux.co.uk,07483 223840,https://www.vanhux.co.uk/,"Drem, East Lothian",Scotland
Your Camper,,sales@yourcamper.co.uk,0141 376 8237,https://www.yourcamper.co.uk/,"Thornliebank, Glasgow",Scotland
Berkshire Campervan Conversions,,info@berkshirecampervanconversions.co.uk,07802 911 112,https://berkshirecampervanconversions.co.uk,"Thatcham / Headley / Newbury, Berkshire",South East & London
Campal,Lisa and Martin,contact@campal.co.uk,01795 716706,https://campal.co.uk,"Sittingbourne, Kent",South East & London
Camper Monster,,sales@campermonster.co.uk,01932 232383,https://www.campermonster.co.uk,"Addlestone, Surrey",South East & London
Camper Supplies London,,campersupplieslondon@outlook.com,020 7101 3467,https://camperconversionslondon.co.uk,"Chertsey, Surrey (trades as London)",South East & London
Camperworx (Worthing),,info@bumpersbodyshop.co.uk,01444 236236,https://www.campervanworx.co.uk,"Worthing / Haywards Heath, West Sussex",South East & London
CMC Reimo (Concept Multi-Car),,info@cmccampers.co.uk,01303 261062,https://www.conceptmulti-car.co.uk/,"Hythe, Kent",South East & London
Combe Valley Campers,,info@combevalleycampers.co.uk,01323 843532,https://www.combevalleycampers.co.uk,"Hailsham, East Sussex",South East & London
Dormobile,,enquiries@dormobile.co.uk,02382 544050,https://dormobile.co.uk,"Lyndhurst, Hampshire",South East & London
East Bay Campers,,summer@eastbaycampers.co.uk,07973 490067,https://eastbaycampers.co.uk,"Eastbourne, East Sussex",South East & London
Hampshire Campervans,Darren,hampshirecampervans@gmail.com,07896 871813,https://www.hampshirecampervans.co.uk,"New Forest, Hampshire",South East & London
Hippo Campers,,sales@hippocampers.co.uk,0780 123 6876,https://www.hippocampers.co.uk,"Andover, Hampshire",South East & London
Jones Campervans,Craig,craig@jonescampervans.co.uk,07307 589642,https://www.jonescampervans.co.uk,"High Halden, Kent",South East & London
Kent Poptops,,kentpoptops@hotmail.com,07900 273073,https://www.kentpoptops.co.uk,"Aylesham, Canterbury, Kent",South East & London
Kessel Kampers,Steve,steve.kesselkampers@outlook.com,07917 504690,https://www.kesselkampers.co.uk,"Winchester, Hampshire",South East & London
Lukely Conversions,Sam,lukelyconversions@gmail.com,07415 171847,,"Cowes, Isle of Wight",South East & London
Motorhome Workshop,,service@motorhomeworkshop.co.uk,01903 213141,https://www.motorhomeworkshop.co.uk,"Goring-by-Sea, West Sussex",South East & London
MT-Works,,info@mtworks.co.uk,07500 337914,https://www.mtworks.co.uk,"Chertsey, Surrey",South East & London
Northstar Conversions,,sales@northstarconversions.co.uk,01983 530124,https://northstarconversions.com,"Cowes, Isle of Wight",South East & London
Onyx Vans,Christopher Wall & Heather Mayer,hello@onyxvans.com,01403 458668,https://www.onyxvans.com,"Kingsfold, West Sussex",South East & London
OX RV,,info@trekrv.co.uk,01296 730920,https://www.oxrv.co.uk,"Poundon, Bicester, Oxfordshire",South East & London
Paramount Campers,Marc,paramountcampers@hotmail.com,07852 228882,https://www.paramountcampers.co.uk,"Charlwood, Surrey",South East & London
PB Coachbuilders,Paul,amy.belcher@pbcoachbuilders.co.uk,07837 056177,https://www.pbcoachbuilders.co.uk,"Wantage, Oxfordshire",South East & London
Scandinavian Campervan Company,,info@scc-conversions.co.uk,01488 72832,https://scc-conversions.co.uk,"Hungerford, West Berkshire",South East & London
South Coast Campervans,,hello@southcoastcampervans.co.uk,01227 861166,https://southcoastcampervans.co.uk,"Whitstable, Kent",South East & London
Sprinter Van Conversions,,sprintervanconversions@gmail.com,,https://www.sprintervan-conversions.co.uk,"Brighton / Portslade, East Sussex",South East & London
Sugoi Campers,John and Emma Ward,info@sugoicampers.co.uk,01489 290030,https://www.sugoicampers.co.uk,"Fareham, Hampshire",South East & London
Summit Campers,Mike and Luke,hello@summitcampers.co.uk,07843 088392,https://summitcampers.co.uk,"Milton Keynes, Buckinghamshire",South East & London
Sussex Campervans,,hello@sussexcampervans.com,01403 336369,https://www.sussexcampervans.com,"Horsham, West Sussex",South East & London
Thames Valley Campers,,info@thamesvalleycampers.co.uk,01844 872572,https://thamesvalleycampers.co.uk,"Wotton Underwood / Aylesbury, Buckinghamshire",South East & London
The Dub Hut,Maria and Calum Chrystie,sales@thedubhut.co.uk,01233 733264,https://thedubhut.co.uk,"Ashford, Kent",South East & London
Webb's VW Camper Conversions,,enquiries@webbsvw.co.uk,01983 853850,http://www.webbsvwcamperconversions.co.uk,"Ventnor, Isle of Wight",South East & London
Windrush Camper Company,,info@windrushcampers.co.uk,07528 462272,https://www.windrushcampers.co.uk,Oxfordshire,South East & London
Young Conversions Ltd,,enquiries@youngconversions.com,01908 639936,https://www.youngconversions.com,"Bletchley, Milton Keynes, Buckinghamshire",South East & London
21 Vanagoons,,info@21vanagoons.co.uk,,https://21vanagoons.co.uk/,"Yate, South Gloucestershire (Bristol)",South West England
Albatross Conversions,,info@albatrossconversions.co.uk,01202 028692,https://www.albatrossconversions.co.uk/,"Poole, Dorset",South West England
Atlas SportHomes Ltd,Nathan Neverdies,info@atlassporthomes.com,07805 779943,https://www.atlassporthomes.com/,"Keynsham, Bristol",South West England
Bath VW Campers,,info@bathvwcampers.co.uk,01373 764389,https://www.bathvwcampers.co.uk/,"Frome, Somerset",South West England
Camperliners,Simon,simon@camperliners.co.uk,07729 938771,https://camperliners.co.uk/,"Bideford, North Devon",South West England
CamperWorx Ltd,,info@camperworx.ltd,,https://www.camperworx.ltd/,"Newton Abbot / Torbay, South Devon",South West England
Chilli Jam Vans,,info@chillijamvans.co.uk,01736 447266,https://chillijamvans.co.uk/,"Hayle, Cornwall",South West England
CJ Van Designs Ltd,Colin,info@cjvandesigns.co.uk,01793 851190,https://www.cjvandesigns.co.uk/,"Royal Wootton Bassett, Swindon, Wiltshire",South West England
CJL Leisure Vehicles Ltd,Cye Hayes,info@cjlleisure.co.uk,01934 511113,https://cjlleisure.co.uk/,"Weston-super-Mare, Somerset",South West England
Clearcut Conversions,,enquiries@clearcutconversions.co.uk,01271 373853,https://clearcutconversions.co.uk/,"Barnstaple, North Devon",South West England
Coastal Campers,,info@coastal-campers.co.uk,01579 340315,https://coastal-campers.co.uk/,"Liskeard, Cornwall",South West England
Colebrook CSC Transporters,,info@colebrooktransporters.co.uk,01752 344493,https://colebrooktransporters.co.uk/,"Plympton, Plymouth, Devon",South West England
Cotswold Camper Conversions Ltd,,info@cotswoldcamperconversions.co.uk,07908 229047,https://www.cotswoldcamperconversions.co.uk/,"Meysey Hampton, Cirencester, Gloucestershire",South West England
Crafty Otter Campers Ltd,,craftyottercampers@outlook.com,07784 735428,https://www.craftyottercampers.com/,"Honiton, Devon",South West England
CustomHaus,,hello@customhaus.uk,01793 200721,https://customhaus.uk/,"Cricklade, Swindon, Wiltshire",South West England
Danbury Campervans Ltd,,hello@danburycampervans.co.uk,01278 497707,https://www.danburycampervans.co.uk/,"Bridgwater, Somerset",South West England
Ecowagon,,kenny@ecowagon.co.uk,01209 843654,https://www.ecowagon.co.uk/,"Redruth, Cornwall",South West England
Firehouse Campers,,info@firehousecampers.co.uk,07340 121567,https://firehousecampers.co.uk/,"Redruth, Cornwall",South West England
G&G Campers,Paddy; Ben,info@gng-campers.co.uk,01380 592022,https://www.ggcampers.co.uk/,"Devizes, Wiltshire",South West England
HBW Vans,Harry,info@hbwvans.com,07503 032608,https://hbwvans.com/,"Wimborne, Dorset",South West England
Home On The Road Campervans,,homeontheroadconversions@gmail.com,07722 095322,https://www.homeontheroadcampervans.co.uk/,"Looe / Polperro, Cornwall",South West England
LT Conversions,,info@ltconversions.co.uk,,https://www.ltconversions.co.uk/,"Bideford, North Devon",South West England
M2M Conversions,,hello@m2mconversions.co.uk,01305 597075,https://m2mconversions.co.uk/,"Portland, Dorset",South West England
Mark1 Conversions Ltd,,contact@mark1conversions.co.uk,01404 850896,https://mark1conversions.co.uk/,"Feniton (nr Honiton), Devon",South West England
Matchbox Conversions Ltd,Tom Rowell,matchboxconversions@gmail.com,07539 218672,https://www.matchboxconversions.co.uk/,"Nettlecombe (near Bridport), Dorset",South West England
Mint Campers Ltd,Tom Stone and Nye Meyers,info@mintcampers.co.uk,07496 624986,https://www.mintcampers.co.uk/,"Backwell, near Bristol",South West England
Moore's Campers,,info@moorescampers.com,07871 052424,https://www.moorescampers.com/,Gloucestershire,South West England
Oakline Campers,,info@oaklinecampers.co.uk,07392 856236,https://oaklinecampers.co.uk/,"Weymouth, Dorset",South West England
Revampavan Ltd,,info@revampavan.com,01425 276290,https://www.revampavan.com/,"Christchurch, Dorset",South West England
Salisbury Camper Conversions Ltd,,info@salisburycamperconversions.co.uk,01722 783179,https://www.salisburycamperconversions.co.uk/,"Druids Lodge, near Salisbury, Wiltshire",South West England
Shadow Customs Ltd,,info@shadowcustoms.co.uk,01202 681837,https://www.shadowcustoms.co.uk/,"Poole, Dorset",South West England
SSL Campers (SSL Conversions Ltd),Liam,info@sslconversions.co.uk,07851 926982,https://www.sslconversions.co.uk/,"Wimborne (Three Legged Cross), Dorset",South West England
T-Spoke Camper Conversions Ltd,,tspokeuk@gmail.com,01275 217474,https://www.tspoke.co.uk/,"Winford, Bristol",South West England
Twin Coast Campers,Jack Lamburn,hello@twincoastcampers.com,07729 855846,https://www.twincoastcampers.com/,"Clyst Honiton / Exeter, Devon",South West England
Vancon Conversions,,vanconconversions@yahoo.com,01460 394030,https://www.vanconconversions.co.uk/,"Chard, Somerset",South West England
VanGoff Campers,,info@vangoffcampers.co.uk,07506 160420,https://vangoffcampers.co.uk/,"Badgeworth, Cheltenham, Gloucestershire",South West England
VANLIFE Camper Conversions,Will,vanlifecc@gmail.com,07792 614986,https://www.vanlifecamperconversions.com/,"Taunton, Somerset",South West England
Vans55,,info@vans55.co.uk,01452 750921,https://www.vans55.co.uk/,"Stroud, Gloucestershire",South West England
Vantage Customs,James Blakey,info@vantagecustoms.co.uk,07773 006643,https://www.vantagecustoms.co.uk/,"Frome, Somerset",South West England
VW Custom Conversions,,sales@vwcustomconversions.co.uk,0117 963 8916,https://vwcustomconversions.co.uk/,Bristol,South West England
West Country Conversions,,countryconversion@hotmail.com,01395 225885,https://www.westcountryconversions.com/,"Exmouth, Devon",South West England
West Wilts Campers Ltd,Jonathan,jonathan@westwiltscampers.co.uk,07731 320714,https://www.westwiltscampers.co.uk/,"Edington / Seend Cleeve, Wiltshire",South West England
Wild Earth Campers Ltd,Adam,info@wildearthcampers.com,01208 640679,https://www.wildearthcampers.com/,"Wadebridge, Cornwall",South West England
Wildlife Vans,,wildlife-vans@outlook.com,,https://wildlife-vans.com/,Cornwall,South West England
AB Campers,,enquiries@ab-campers.co.uk,01559 742123,https://www.ab-campers.co.uk/,"Cwmduad, Carmarthen (West Wales)",Wales
Campervan Cymru,,info@campervancymru.co.uk,07962 168034,https://www.campervancymru.co.uk/,"Aberystwyth, Ceredigion (Mid Wales)",Wales
Cascade Conversions,,info@cascadeconversions.co.uk,01443 230710,https://cascadeconversions.co.uk/,Pontyclun (South Wales),Wales
Endless Summer Wales,,info@eswales.co.uk,01443 238744,https://www.endlesssummerwales.co.uk/,Vale of Glamorgan / outskirts of Cardiff (South Wales),Wales
Go Explore Custom Vans & Campers,,enquiries@goexplorecampers.co.uk,01792 219192,https://www.goexplorecampers.co.uk/,"Hendy, near Swansea (South Wales)",Wales
Leisure Guys,,admin@leisureguys.co.uk,01792 439335,http://www.leisureguys.co.uk/,Swansea (South Wales),Wales
Loadrated,,sales@loadrated.co.uk,01970 867920,https://loadrated.co.uk/,Ponterwyd (Mid Wales),Wales
NT Cars & Campers,,ntcars@hotmail.co.uk,07973 229347,https://www.ntcarsandcampers.co.uk/,"Killay, Swansea (South Wales)",Wales
Rack'n'Roll Garage,,info@racknrollgarage.co.uk,029 2233 7237,https://racknrollgarage.co.uk/,Cardiff (South Wales),Wales
RJ Howard Bespoke Camper Conversions,,enquiries@bespokecamperconversions.com,01633 904962,https://www.bespokecamperconversions.com/,"Cwmbran, Torfaen (South East Wales)",Wales
South Wales Campers,,hello@southwalescampers.co.uk,01792 732736,https://www.southwalescampers.co.uk/,"Pontardawe, Swansea (South Wales)",Wales
SW Vans (SW Camper Van Conversions & Sales Ltd),,swvanconversions_sales@outlook.com,07916 327610,https://www.swvans.co.uk/,"Brynmenyn, Bridgend (South Wales)",Wales
T1 Conversions,Mike Kennedy,info@t1conversions.com,01656 360110,https://www.t1conversions.com/,Bridgend (South Wales),Wales
Trend Conversions,,info@trendconversions.co.uk,07413 003320,https://www.trendconversions.co.uk/,"Bettws Newydd, Monmouthshire (South East Wales)",Wales
Universal Customs,Jamie,jamie@universalcustoms.co.uk,01269 268212,https://www.universalcustoms.co.uk/,"Ammanford, Carmarthenshire (South Wales)",Wales
Vanology Conversions,,info@vanologyconversions.co.uk,07533 821110,https://vanologyconversions.co.uk/,Bridgend (South Wales),Wales
Welsh Coast Campers,,admin@welshcoastcampers.co.uk,01554 778866,https://www.welshcoastcampers.co.uk/,"Llanelli, Carmarthenshire (South Wales)",Wales
8 Ball Camper Conversions Ltd,,info@8ballcamperconversions.co.uk,01482 848236,https://www.8ballcamperconversions.co.uk/,"Little Weighton, Hull, East Yorkshire",Yorkshire
Advanced Auto Conversions Ltd,,mick@advancedautoconversions.co.uk,07515 028943,https://advancedautoconversionsltd.co.uk/,"Adwick le Street, Doncaster, South Yorkshire",Yorkshire
Ashben Design & Conversion Ltd,,contact@ashben.co.uk,07447 467724,https://ashbenconversions.co.uk/,"Handsworth, Sheffield, South Yorkshire",Yorkshire
C&H Camper Conversions Ltd,,info@candhcampers.co.uk,01484 602415,https://candhcampers.co.uk/,"Shelley, Huddersfield, West Yorkshire",Yorkshire
Crystal Custom Campers,,info@crystalcustomcampers.com,07940 426815,https://www.crystalcustomcampers.com/,"Barwick in Elmet, near Leeds, West Yorkshire",Yorkshire
Dubtricks,,dubtricks@hotmail.co.uk,01423 780147,https://dubtricks.co.uk/,"Dacre, Harrogate, North Yorkshire",Yorkshire
Exploria Ltd,,info@exploria-online.co.uk,01484 767179,https://exploria-online.co.uk/,"Brighouse, West Yorkshire",Yorkshire
GOAT Roadtrip Ltd,,info@goatroadtrip.com,0113 868 2941,https://www.goatroadtrip.com/,"Leeds, West Yorkshire",Yorkshire
JS Conversions Ltd,,info@jsconversions.com,07730 597267,https://www.jsconversions.com/,"Beverley, East Yorkshire",Yorkshire
Reborn Campers Ltd,,reborncampers@outlook.com,0114 243 2469,https://reborncampers.co.uk/,"Sheffield, South Yorkshire",Yorkshire
Thistle Rose Leisure LLP,,info@thistleroseholdings.com,01756 795771,http://www.thistleroseleisure.com/,"Snaygill, Skipton, North Yorkshire",Yorkshire
Voodoo Developments,,info@voodoodevelopments.co.uk,01423 209076,https://voodoodevelopments.co.uk/,"Killinghall, Harrogate, North Yorkshire",Yorkshire
Wakefield Kamper Konversions Ltd,,wakefieldkamperkonversionsltd@gmail.com,01924 975027,https://www.wakefieldkamperkonversionltd.co.uk/,"Wakefield, West Yorkshire",Yorkshire
York Campervans Limited,,info@yorkcampervans.com,01904 373175,https://yorkcampervans.com/,"Murton, York, North Yorkshire",Yorkshire
Auto Campers,,info@auto-campers.co.uk,0118 979 0202,https://www.auto-campers.co.uk/,"Winnersh, Berkshire",National / Major brand
Auto-Trail,,enquiries@auto-trail.co.uk,01472 571000,https://www.auto-trail.co.uk/,"Grimsby, Lincolnshire",National / Major brand
Bilbo's Trailer & Coachbuilders,D W Latham; E Olah; C Batty,sales@bilbos.com,01342 892499,https://www.bilbos.com,"South Godstone, Surrey",National / Major brand
Brown Bird & Co,,hello@brownbirdandcompany.co.uk,07790 174118,https://brownbirdandcompany.co.uk/,UK,National / Major brand
CamperKing,,info@camperking.co.uk,01295 500025,https://www.camperking.co.uk,"Warmington, Banbury, Oxfordshire",National / Major brand
CCCAMPERS,,sales@cccampers.co.uk,03334 563345,https://www.cccampers.co.uk/,UK,National / Major brand
Consort Motorhomes,,consortmotorhomes@gmail.com,0113 534 6062,https://www.consortmotorhomes.co.uk/,"Leeds, West Yorkshire",National / Major brand
Custom Camper Solutions,,info@customcampersolutions.co.uk,01536 762895,https://customcampersolutions.co.uk/,Leicestershire,National / Major brand
Devon Conversions,,devonconversionsltd@gmail.com,07435 738029,https://www.devonconversions.com/,"Ferryhill, County Durham",National / Major brand
Hillside Leisure,Adrian Cross; David Cross,sales@hillsideleisure.co.uk,01332 207976,https://www.hillsideleisure.co.uk,"Derby, Derbyshire",National / Major brand
IH Motorhomes,Nicola Hartley,NicolaHartley@ihmotorhomes.com,01977 677118,https://www.ihmotorhomes.com/,"Knottingley, West Yorkshire",National / Major brand
Lusso Campers,,info@lussocampers.co.uk,01274 307173,https://lussocampers.co.uk/,Yorkshire,National / Major brand
McLaren Sports Homes,Craig,craig@mclarensportshomes.co.uk,01942 608710,https://www.mclarensportshomes.co.uk/,UK,National / Major brand
Murvi,,sales@murvi.co.uk,01752 892200,https://www.murvi.co.uk/,"Ivybridge, Devon",National / Major brand
PF Jones,,info@pfjones.co.uk,0161 886 5796,https://www.pfjones.co.uk/,Manchester,National / Major brand
Redline Campers,,sales@redline-campers.com,01327 703371,https://www.redline-campers.com/,"Watford Gap, Northamptonshire",National / Major brand
Transit Custom Campers Ltd,,info@transitcustomcampers.co.uk,01280 875301,https://transitcustomcampers.co.uk/,"Buckingham, Buckinghamshire",National / Major brand
Vantage Motorhomes,,hello@vantagemotorhomes.co.uk,0113 244 4131,https://www.vantagemotorhomes.co.uk/,"Leeds, West Yorkshire",National / Major brand
Wellhouse Leisure,,info@wellhouseleisure.com,01484 861100,https://wellhouseleisure.com,"Huddersfield / Shepley, West Yorkshire",National / Major brand
WildAx Motorhomes,Duncan Wildman,enquiries@wildaxmotorhomes.com,01422 372111,https://www.wildaxmotorhomes.com/,"Elland, West Yorkshire",National / Major brand
